what,kind,bundleId,bundleVersion,description,time
deactivated,workbench,org.eclipse.ui.workbench,3.7.1.v20120104-1859,"",1374568138929
activated,workbench,org.eclipse.ui.workbench,3.7.1.v20120104-1859,"",1374568143288
deactivated,workbench,org.eclipse.ui.workbench,3.7.1.v20120104-1859,"",1374568150050
activated,workbench,org.eclipse.ui.workbench,3.7.1.v20120104-1859,"",1374568151790
deactivated,workbench,org.eclipse.ui.workbench,3.7.1.v20120104-1859,"",1374568151846
activated,workbench,org.eclipse.ui.workbench,3.7.1.v20120104-1859,"",1374568152870
deactivated,workbench,org.eclipse.ui.workbench,3.7.1.v20120104-1859,"",1374568153496
activated,workbench,org.eclipse.ui.workbench,3.7.1.v20120104-1859,"",1374568155524
executed,command,org.eclipse.ui.ide,3.7.0.v20110928-1505,"org.eclipse.ui.project.buildAll",1374568159436
deactivated,workbench,org.eclipse.ui.workbench,3.7.1.v20120104-1859,"",1374568160073
activated,workbench,org.eclipse.ui.workbench,3.7.1.v20120104-1859,"",1374568160117
activated,view,org.eclipse.jdt.ui,3.7.1.r371_v20110824-0800,"org.eclipse.jdt.ui.PackageExplorer",1374568160593
activated,editor,org.eclipse.jdt.ui,3.7.1.r371_v20110824-0800,"org.eclipse.jdt.ui.CompilationUnitEditor",1374568163851
activated,view,org.eclipse.jdt.ui,3.7.1.r371_v20110824-0800,"org.eclipse.jdt.ui.PackageExplorer",1374568166137
deactivated,workbench,org.eclipse.ui.workbench,3.7.1.v20120104-1859,"",1374568168812
closed,editor,org.eclipse.jdt.ui,3.7.1.r371_v20110824-0800,"org.eclipse.jdt.ui.CompilationUnitEditor",1374568169486
activated,workbench,org.eclipse.ui.workbench,3.7.1.v20120104-1859,"",1374568169579
executed,command,org.eclipse.ui,3.7.0.v20110928-1505,"org.eclipse.ui.edit.delete",1374568169586
activated,editor,org.eclipse.jdt.ui,3.7.1.r371_v20110824-0800,"org.eclipse.jdt.ui.CompilationUnitEditor",1374568171020
activated,view,org.eclipse.jdt.ui,3.7.1.r371_v20110824-0800,"org.eclipse.jdt.ui.PackageExplorer",1374568176849
activated,editor,org.eclipse.jdt.ui,3.7.1.r371_v20110824-0800,"org.eclipse.jdt.ui.CompilationUnitEditor",1374568177053
deactivated,workbench,org.eclipse.ui.workbench,3.7.1.v20120104-1859,"",1374568180193
activated,workbench,org.eclipse.ui.workbench,3.7.1.v20120104-1859,"",1374568188511
deactivated,workbench,org.eclipse.ui.workbench,3.7.1.v20120104-1859,"",1374568198847
activated,workbench,org.eclipse.ui.workbench,3.7.1.v20120104-1859,"",1374568203249
activated,view,org.eclipse.jdt.ui,3.7.1.r371_v20110824-0800,"org.eclipse.jdt.ui.PackageExplorer",1374568213294
deactivated,workbench,org.eclipse.ui.workbench,3.7.1.v20120104-1859,"",1374568618952
activated,workbench,org.eclipse.ui.workbench,3.7.1.v20120104-1859,"",1374568671514
deactivated,workbench,org.eclipse.ui.workbench,3.7.1.v20120104-1859,"",1374568682560
activated,workbench,org.eclipse.ui.workbench,3.7.1.v20120104-1859,"",1374568781946
deactivated,workbench,org.eclipse.ui.workbench,3.7.1.v20120104-1859,"",1374568783336
activated,workbench,org.eclipse.ui.workbench,3.7.1.v20120104-1859,"",1374568829057
opened,editor,com.android.ide.eclipse.adt,21.0.0.v201210310015-519525,"com.android.ide.eclipse.editors.manifest.ManifestEditor",1374568833478
activated,editor,com.android.ide.eclipse.adt,21.0.0.v201210310015-519525,"com.android.ide.eclipse.editors.manifest.ManifestEditor",1374568833699
deactivated,workbench,org.eclipse.ui.workbench,3.7.1.v20120104-1859,"",1374568843020
activated,workbench,org.eclipse.ui.workbench,3.7.1.v20120104-1859,"",1374568848687
deactivated,workbench,org.eclipse.ui.workbench,3.7.1.v20120104-1859,"",1374568850003
activated,workbench,org.eclipse.ui.workbench,3.7.1.v20120104-1859,"",1374568854591
executed,command,org.eclipse.ui,3.7.0.v20110928-1505,"org.eclipse.ui.edit.paste",1374568860763
executed,command,org.eclipse.ui,3.7.0.v20110928-1505,"org.eclipse.ui.file.save",1374568865382
deactivated,workbench,org.eclipse.ui.workbench,3.7.1.v20120104-1859,"",1374568866506
activated,workbench,org.eclipse.ui.workbench,3.7.1.v20120104-1859,"",1374568900300
deactivated,workbench,org.eclipse.ui.workbench,3.7.1.v20120104-1859,"",1374568904294
activated,workbench,org.eclipse.ui.workbench,3.7.1.v20120104-1859,"",1374568910798
deactivated,workbench,org.eclipse.ui.workbench,3.7.1.v20120104-1859,"",1374568911581
activated,workbench,org.eclipse.ui.workbench,3.7.1.v20120104-1859,"",1374568922707
activated,view,org.eclipse.ui.console,3.5.100.v20111007_r372,"org.eclipse.ui.console.ConsoleView",1374568922747
deactivated,workbench,org.eclipse.ui.workbench,3.7.1.v20120104-1859,"",1374568924933
activated,workbench,org.eclipse.ui.workbench,3.7.1.v20120104-1859,"",1374568929044
deactivated,workbench,org.eclipse.ui.workbench,3.7.1.v20120104-1859,"",1374568929966
activated,workbench,org.eclipse.ui.workbench,3.7.1.v20120104-1859,"",1374569303330
deactivated,workbench,org.eclipse.ui.workbench,3.7.1.v20120104-1859,"",1374569305689
executed,command,org.eclipse.ui,3.7.0.v20110928-1505,"org.eclipse.ui.edit.selectAll",1374569311700
executed,command,org.eclipse.ui,3.7.0.v20110928-1505,"org.eclipse.ui.edit.copy",1374569312260
activated,workbench,org.eclipse.ui.workbench,3.7.1.v20120104-1859,"",1374569313163
executed,command,org.eclipse.ui,3.7.0.v20110928-1505,"org.eclipse.ui.window.preferences",1374569313174
deactivated,workbench,org.eclipse.ui.workbench,3.7.1.v20120104-1859,"",1374569313408
activated,workbench,org.eclipse.ui.workbench,3.7.1.v20120104-1859,"",1374569676900
deactivated,workbench,org.eclipse.ui.workbench,3.7.1.v20120104-1859,"",1374569678515
activated,workbench,org.eclipse.ui.workbench,3.7.1.v20120104-1859,"",1374569835798
started,bundle,org.eclipse.equinox.p2.ui.sdk,1.0.200.v20110815-1419,"org.eclipse.equinox.p2.ui.sdk",1374569847750
started,bundle,org.eclipse.equinox.p2.ui,2.1.1.v20120113-1346,"org.eclipse.equinox.p2.ui",1374569847884
started,bundle,org.eclipse.equinox.p2.transport.ecf,1.0.0.v20111128-0624,"org.eclipse.equinox.p2.transport.ecf",1374569849005
started,bundle,org.eclipse.ecf.filetransfer,5.0.0.v20110531-2218,"org.eclipse.ecf.filetransfer",1374569849199
started,bundle,org.eclipse.ecf.identity,3.1.100.v20110531-2218,"org.eclipse.ecf.identity",1374569849252
started,bundle,org.eclipse.ecf,3.1.300.v20110531-2218,"org.eclipse.ecf",1374569849472
deactivated,workbench,org.eclipse.ui.workbench,3.7.1.v20120104-1859,"",1374569849693
started,bundle,org.eclipse.ecf.provider.filetransfer.httpclient,4.0.0.v20110531-2218,"org.eclipse.ecf.provider.filetransfer.httpclient",1374569849767
started,bundle,org.eclipse.ecf.provider.filetransfer,3.2.0.v20110531-2218,"org.eclipse.ecf.provider.filetransfer",1374569849796
started,bundle,org.eclipse.equinox.p2.updatesite,1.0.300.v20110815-1419,"org.eclipse.equinox.p2.updatesite",1374569879178
started,bundle,org.eclipse.equinox.p2.publisher,1.2.0.v20110815-1419,"org.eclipse.equinox.p2.publisher",1374569879190
started,bundle,org.eclipse.equinox.p2.publisher.eclipse,1.0.0.v20110815-1438,"org.eclipse.equinox.p2.publisher.eclipse",1374569879706
activated,workbench,org.eclipse.ui.workbench,3.7.1.v20120104-1859,"",1374569944831
executed,command,org.eclipse.equinox.p2.ui.sdk,1.0.200.v20110815-1419,"org.eclipse.equinox.p2.ui.sdk.install",1374569944875
deactivated,workbench,org.eclipse.ui.workbench,3.7.1.v20120104-1859,"",1374569948909
activated,workbench,org.eclipse.ui.workbench,3.7.1.v20120104-1859,"",1374569951968
deactivated,workbench,org.eclipse.ui.workbench,3.7.1.v20120104-1859,"",1374569952026
activated,workbench,org.eclipse.ui.workbench,3.7.1.v20120104-1859,"",1374569952063
deactivated,workbench,org.eclipse.ui.workbench,3.7.1.v20120104-1859,"",1374569952070
activated,workbench,org.eclipse.ui.workbench,3.7.1.v20120104-1859,"",1374569971794
deactivated,workbench,org.eclipse.ui.workbench,3.7.1.v20120104-1859,"",1374569972210
activated,workbench,org.eclipse.ui.workbench,3.7.1.v20120104-1859,"",1374570415701
deactivated,workbench,org.eclipse.ui.workbench,3.7.1.v20120104-1859,"",1374570418473
activated,workbench,org.eclipse.ui.workbench,3.7.1.v20120104-1859,"",1374570419498
closed,workbench,org.eclipse.ui.workbench,3.7.1.v20120104-1859,"",1374570421463
stopped,bundle,overlay.com.android.ide.eclipse.adt.overlay,21.0.0.v201210310015-519525,"overlay.com.android.ide.eclipse.adt.overlay",1374570425694
stopped,bundle,com.android.ide.eclipse.adt,21.0.0.v201210310015-519525,"com.android.ide.eclipse.adt",1374570425699
stopped,bundle,org.eclipse.jst.j2ee.xdoclet.runtime,1.1.300.v201004280700,"org.eclipse.jst.j2ee.xdoclet.runtime",1374570425711
stopped,bundle,org.eclipse.jst.j2ee.ejb.annotations.xdoclet,1.2.200.v201103302125,"org.eclipse.jst.j2ee.ejb.annotations.xdoclet",1374570425812
stopped,bundle,org.eclipse.datatools.enablement.sybase.asa.schemaobjecteditor.examples,2.5.0.200810071,"org.eclipse.datatools.enablement.sybase.asa.schemaobjecteditor.examples",1374570425849
stopped,bundle,org.eclipse.datatools.sqltools.schemaobjecteditor.ui.pages,1.1.0.200810071,"org.eclipse.datatools.sqltools.schemaobjecteditor.ui.pages",1374570426001
stopped,bundle,org.eclipse.datatools.sqltools.schemaobjecteditor.ui,1.1.1.200810071,"org.eclipse.datatools.sqltools.schemaobjecteditor.ui",1374570426274
stopped,bundle,org.eclipse.jst.jsf.apache.trinidad.tagsupport,1.1.200.v201104061711,"org.eclipse.jst.jsf.apache.trinidad.tagsupport",1374570426379
stopped,bundle,org.eclipse.jst.jsf.facesconfig.ui,1.2.2.v201103292152,"org.eclipse.jst.jsf.facesconfig.ui",1374570426437
stopped,bundle,org.eclipse.jst.jsf.facelet.ui,1.0.1.v201104032306,"org.eclipse.jst.jsf.facelet.ui",1374570426449
stopped,bundle,org.eclipse.jst.jsf.ui,1.3.2.v201104251204,"org.eclipse.jst.jsf.ui",1374570426492
stopped,bundle,org.eclipse.jst.pagedesigner.jsf.ui,1.2.100.v201104061711,"org.eclipse.jst.pagedesigner.jsf.ui",1374570426547
stopped,bundle,org.eclipse.jst.pagedesigner,1.3.104.v201201181342,"org.eclipse.jst.pagedesigner",1374570426608
stopped,bundle,org.eclipse.jst.jsf.common.ui,1.2.100.v201104061711,"org.eclipse.jst.jsf.common.ui",1374570426938
stopped,bundle,org.eclipse.pde.ua.ui,1.0.100.v20110516,"org.eclipse.pde.ua.ui",1374570427156
stopped,bundle,org.eclipse.datatools.connectivity.oda.template.ui,3.2.3.v201201121156,"org.eclipse.datatools.connectivity.oda.template.ui",1374570427292
stopped,bundle,org.eclipse.pde.api.tools.ui,1.0.301.v20110803_r371,"org.eclipse.pde.api.tools.ui",1374570427293
stopped,bundle,org.eclipse.pde.ds.ui,1.0.100.v20110516,"org.eclipse.pde.ds.ui",1374570427436
stopped,bundle,org.eclipse.pde.runtime,3.4.201.v20110819-0851,"org.eclipse.pde.runtime",1374570427845
stopped,bundle,org.eclipse.pde.ui.templates,3.4.400.v20110516,"org.eclipse.pde.ui.templates",1374570428139
stopped,bundle,org.eclipse.rap.ui.launch,1.4.2.20120213-1325,"org.eclipse.rap.ui.launch",1374570428211
stopped,bundle,org.eclipse.rap.ui.templates,1.4.2.20120213-1325,"org.eclipse.rap.ui.templates",1374570428272
stopped,bundle,org.eclipse.pde.ui,3.6.100.v20110603,"org.eclipse.pde.ui",1374570428272
activated,perspective,org.eclipse.jdt.ui,,"org.eclipse.jdt.ui.JavaPerspective",1374570703322
started,bundle,org.eclipse.osgi,3.7.2.v20120110-1415,"org.eclipse.osgi",1374570703326
started,bundle,org.eclipse.compare.core,3.5.200.I20110208-0800,"org.eclipse.compare.core",1374570703356
started,bundle,org.eclipse.core.contenttype,3.4.100.v20110423-0524,"org.eclipse.core.contenttype",1374570703372
started,bundle,org.eclipse.core.databinding.observable,1.4.0.I20110222-0800,"org.eclipse.core.databinding.observable",1374570703390
started,bundle,org.eclipse.core.expressions,3.4.300.v20110228,"org.eclipse.core.expressions",1374570703413
started,bundle,org.eclipse.core.filesystem,1.3.100.v20110423-0524,"org.eclipse.core.filesystem",1374570703425
started,bundle,org.eclipse.core.net,1.2.100.I20110511-0800,"org.eclipse.core.net",1374570703426
started,bundle,org.eclipse.core.runtime,3.7.0.v20110110,"org.eclipse.core.runtime",1374570703506
started,bundle,org.eclipse.core.runtime.compatibility,3.2.100.v20100505,"org.eclipse.core.runtime.compatibility",1374570703538
started,bundle,org.eclipse.core.runtime.compatibility.auth,3.2.200.v20110110,"org.eclipse.core.runtime.compatibility.auth",1374570703590
started,bundle,org.eclipse.epp.mpc.ui,1.1.1.I20110907-0947,"org.eclipse.epp.mpc.ui",1374570703591
started,bundle,org.eclipse.epp.usagedata.gathering,1.3.1.R201106061540,"org.eclipse.epp.usagedata.gathering",1374570703591
started,bundle,org.eclipse.epp.usagedata.recording,1.3.1.R201106061540,"org.eclipse.epp.usagedata.recording",1374570703621
started,bundle,org.eclipse.equinox.app,1.3.100.v20110321,"org.eclipse.equinox.app",1374570703633
started,bundle,org.eclipse.equinox.common,3.6.0.v20110523,"org.eclipse.equinox.common",1374570703634
started,bundle,org.eclipse.equinox.ds,1.3.1.R37x_v20110701,"org.eclipse.equinox.ds",1374570703651
started,bundle,org.eclipse.equinox.event,1.2.100.v20110502,"org.eclipse.equinox.event",1374570703734
started,bundle,org.eclipse.equinox.registry,3.5.101.R37x_v20110810-1611,"org.eclipse.equinox.registry",1374570703757
started,bundle,org.eclipse.equinox.security,1.1.1.R37x_v20110822-1018,"org.eclipse.equinox.security",1374570703774
started,bundle,org.eclipse.equinox.util,1.0.300.v20110502,"org.eclipse.equinox.util",1374570703796
started,bundle,org.eclipse.help,3.5.100.v20110426,"org.eclipse.help",1374570703804
started,bundle,org.eclipse.jem.util,2.1.100.v201103021400,"org.eclipse.jem.util",1374570703805
started,bundle,org.eclipse.jsch.core,1.1.300.I20110514-0800,"org.eclipse.jsch.core",1374570703807
started,bundle,org.eclipse.mylyn.bugzilla.ui,3.6.0.v20110608-1400,"org.eclipse.mylyn.bugzilla.ui",1374570703818
started,bundle,org.eclipse.mylyn.commons.identity,0.8.0.v20110608-1400,"org.eclipse.mylyn.commons.identity",1374570703848
started,bundle,org.eclipse.mylyn.commons.net,3.6.0.v20110608-1400,"org.eclipse.mylyn.commons.net",1374570703848
started,bundle,org.eclipse.mylyn.commons.ui,3.6.1.v20110720-0100,"org.eclipse.mylyn.commons.ui",1374570703874
started,bundle,org.eclipse.mylyn.context.core,3.6.1.v20110720-0100,"org.eclipse.mylyn.context.core",1374570703887
started,bundle,org.eclipse.mylyn.monitor.ui,3.6.0.v20110608-1400,"org.eclipse.mylyn.monitor.ui",1374570703888
started,bundle,org.eclipse.mylyn.team.ui,3.6.1.v20110825-0100,"org.eclipse.mylyn.team.ui",1374570703911
started,bundle,org.eclipse.team.core,3.6.0.I20110525-0800,"org.eclipse.team.core",1374570703924
started,bundle,org.eclipse.team.cvs.core,3.3.400.I20110510-0800,"org.eclipse.team.cvs.core",1374570703960
started,bundle,org.eclipse.ui.views.log,1.0.200.v20110404,"org.eclipse.ui.views.log",1374570703979
started,bundle,org.eclipse.update.configurator,3.3.100.v20100512,"org.eclipse.update.configurator",1374570703983
started,bundle,org.eclipse.update.core,3.2.500.v20110330,"org.eclipse.update.core",1374570703997
started,bundle,org.eclipse.update.scheduler,3.2.300.v20100512,"org.eclipse.update.scheduler",1374570704068
started,bundle,org.eclipse.wst.common.core,1.2.0.v200908252030,"org.eclipse.wst.common.core",1374570704085
started,bundle,org.eclipse.wst.common.emf,1.2.100.v201101101900,"org.eclipse.wst.common.emf",1374570704109
started,bundle,org.eclipse.wst.common.emfworkbench.integration,1.2.101.v201107140600,"org.eclipse.wst.common.emfworkbench.integration",1374570704140
started,bundle,org.eclipse.wst.common.frameworks.ui,1.2.100.v201105122000,"org.eclipse.wst.common.frameworks.ui",1374570704172
started,bundle,org.eclipse.wst.common.uriresolver,1.1.401.v201004280700,"org.eclipse.wst.common.uriresolver",1374570704173
started,bundle,org.eclipse.wst.dtd.ui,1.0.600.v201103171359,"org.eclipse.wst.dtd.ui",1374570704193
started,bundle,org.eclipse.wst.internet.cache,1.0.400.v201004280700,"org.eclipse.wst.internet.cache",1374570704195
started,bundle,org.eclipse.equinox.simpleconfigurator,1.0.200.v20110815-1438,"org.eclipse.equinox.simpleconfigurator",1374570704216
started,bundle,com.ibm.icu,4.4.2.v20110823,"com.ibm.icu",1374570704232
started,bundle,org.eclipse.core.filebuffers,3.5.200.v20110928-1504,"org.eclipse.core.filebuffers",1374570704258
started,bundle,org.eclipse.core.jobs,3.5.101.v20120113-1953,"org.eclipse.core.jobs",1374570704266
started,bundle,org.eclipse.core.resources,3.7.101.v20120125-1505,"org.eclipse.core.resources",1374570704306
started,bundle,org.eclipse.core.variables,3.2.500.v20110928-1503,"org.eclipse.core.variables",1374570704317
started,bundle,org.eclipse.debug.core,3.7.1.v20111129-2031,"org.eclipse.debug.core",1374570704330
started,bundle,org.eclipse.debug.ui,3.7.102.v20111129-1423_r372,"org.eclipse.debug.ui",1374570704351
started,bundle,org.eclipse.equinox.frameworkadmin,2.0.0.v20110815-1438,"org.eclipse.equinox.frameworkadmin",1374570704352
started,bundle,org.eclipse.equinox.p2.core,2.1.1.v20120113-1346,"org.eclipse.equinox.p2.core",1374570704362
started,bundle,org.eclipse.equinox.p2.directorywatcher,1.0.300.v20110815-1419,"org.eclipse.equinox.p2.directorywatcher",1374570704373
started,bundle,org.eclipse.equinox.p2.engine,2.1.1.R37x_v20111003,"org.eclipse.equinox.p2.engine",1374570704377
started,bundle,org.eclipse.equinox.p2.metadata,2.1.0.v20110815-1419,"org.eclipse.equinox.p2.metadata",1374570704377
started,bundle,org.eclipse.equinox.p2.metadata.repository,1.2.0.v20110815-1419,"org.eclipse.equinox.p2.metadata.repository",1374570704400
started,bundle,org.eclipse.equinox.p2.operations,2.1.1.R37x_v20111111,"org.eclipse.equinox.p2.operations",1374570704401
started,bundle,org.eclipse.equinox.p2.reconciler.dropins,1.1.100.v20110815-1419,"org.eclipse.equinox.p2.reconciler.dropins",1374570704419
started,bundle,org.eclipse.equinox.p2.repository,2.1.1.v20120113-1346,"org.eclipse.equinox.p2.repository",1374570704420
started,bundle,org.eclipse.equinox.p2.ui.sdk.scheduler,1.0.100.v20110815-1419,"org.eclipse.equinox.p2.ui.sdk.scheduler",1374570704421
started,bundle,org.eclipse.equinox.p2.updatechecker,1.1.200.v20110815-1419,"org.eclipse.equinox.p2.updatechecker",1374570704531
started,bundle,org.eclipse.equinox.preferences,3.4.2.v20120111-2020,"org.eclipse.equinox.preferences",1374570704592
started,bundle,org.eclipse.equinox.simpleconfigurator.manipulator,2.0.0.v20110815-1438,"org.eclipse.equinox.simpleconfigurator.manipulator",1374570704603
started,bundle,org.eclipse.jface,3.7.0.v20110928-1505,"org.eclipse.jface",1374570704641
started,bundle,org.eclipse.ltk.core.refactoring,3.5.201.r372_v20111101-0700,"org.eclipse.ltk.core.refactoring",1374570704667
started,bundle,org.eclipse.ltk.ui.refactoring,3.6.0.v20110928-1453,"org.eclipse.ltk.ui.refactoring",1374570704705
started,bundle,org.eclipse.search,3.7.0.v20110928-1504,"org.eclipse.search",1374570704719
started,bundle,org.eclipse.team.ui,3.6.101.R37x_v20111109-0800,"org.eclipse.team.ui",1374570705152
started,bundle,org.eclipse.ui,3.7.0.v20110928-1505,"org.eclipse.ui",1374570705183
started,bundle,org.eclipse.ui.console,3.5.100.v20111007_r372,"org.eclipse.ui.console",1374570705218
started,bundle,org.eclipse.ui.editors,3.7.0.v20110928-1504,"org.eclipse.ui.editors",1374570705218
started,bundle,org.eclipse.ui.forms,3.5.101.v20111011-1919,"org.eclipse.ui.forms",1374570705219
started,bundle,org.eclipse.ui.ide,3.7.0.v20110928-1505,"org.eclipse.ui.ide",1374570705237
started,bundle,org.eclipse.ui.net,1.2.100.v20111208-1155,"org.eclipse.ui.net",1374570705238
started,bundle,org.eclipse.ui.views,3.6.0.v20110928-1505,"org.eclipse.ui.views",1374570705250
started,bundle,org.eclipse.ui.workbench,3.7.1.v20120104-1859,"org.eclipse.ui.workbench",1374570705263
started,bundle,org.eclipse.ui.workbench.texteditor,3.7.0.v20110928-1504,"org.eclipse.ui.workbench.texteditor",1374570705295
started,bundle,org.eclipse.egit.core,1.1.0.201109151100-r,"org.eclipse.egit.core",1374570705325
started,bundle,org.eclipse.egit.ui,1.1.0.201109151100-r,"org.eclipse.egit.ui",1374570705336
started,bundle,org.eclipse.emf.common,2.7.0.v20110912-0920,"org.eclipse.emf.common",1374570705337
started,bundle,org.eclipse.emf.ecore,2.7.0.v20110912-0920,"org.eclipse.emf.ecore",1374570705338
started,bundle,org.eclipse.emf.ecore.xmi,2.7.0.v20110520-1406,"org.eclipse.emf.ecore.xmi",1374570705351
started,bundle,org.eclipse.jdt.core,3.7.1.v_B76_R37x,"org.eclipse.jdt.core",1374570705370
started,bundle,org.eclipse.jdt.core.manipulation,1.4.0.v20110505-0800,"org.eclipse.jdt.core.manipulation",1374570705388
started,bundle,org.eclipse.jdt.debug,3.7.1.v20110802_r371,"org.eclipse.jdt.debug",1374570705394
started,bundle,org.eclipse.jdt.junit.core,3.7.0.v20110518-0800,"org.eclipse.jdt.junit.core",1374570705395
started,bundle,org.eclipse.jdt.launching,3.6.1.v20110803_r371,"org.eclipse.jdt.launching",1374570705412
started,bundle,org.eclipse.jdt.ui,3.7.1.r371_v20110824-0800,"org.eclipse.jdt.ui",1374570705437
started,bundle,org.eclipse.jgit,1.1.0.201109151100-r,"org.eclipse.jgit",1374570705438
started,bundle,org.eclipse.m2e.core,1.0.100.20110804-1717,"org.eclipse.m2e.core",1374570705438
started,bundle,org.eclipse.m2e.editor.xml,1.0.100.20110804-1717,"org.eclipse.m2e.editor.xml",1374570705517
started,bundle,org.eclipse.m2e.logback.configuration,1.0.100.20110804-1717,"org.eclipse.m2e.logback.configuration",1374570705613
started,bundle,org.eclipse.mylyn.bugzilla.core,3.6.2.v20110903-0100,"org.eclipse.mylyn.bugzilla.core",1374570705689
started,bundle,org.eclipse.mylyn.context.ui,3.6.0.v20110608-1400,"org.eclipse.mylyn.context.ui",1374570705717
started,bundle,org.eclipse.mylyn.tasks.ui,3.6.2.v20110826-0100,"org.eclipse.mylyn.tasks.ui",1374570705730
started,bundle,org.eclipse.team.cvs.ui,3.3.400.I20110510-0800,"org.eclipse.team.cvs.ui",1374570705741
started,bundle,com.android.ide.eclipse.adt,21.0.0.v201210310015-519525,"com.android.ide.eclipse.adt",1374570705747
started,bundle,com.android.ide.eclipse.base,21.0.0.v201210310015-519525,"com.android.ide.eclipse.base",1374570705757
started,bundle,org.eclipse.dltk.core,3.0.1.v20110823,"org.eclipse.dltk.core",1374570705852
started,bundle,org.eclipse.dltk.launching,3.0.0.v20110423,"org.eclipse.dltk.launching",1374570705913
started,bundle,org.eclipse.dltk.ui,3.0.1.v20110823,"org.eclipse.dltk.ui",1374570705962
started,bundle,org.eclipse.jem,2.0.501.v201111030500,"org.eclipse.jem",1374570706033
started,bundle,org.eclipse.jem.workbench,2.0.400.v201104251400,"org.eclipse.jem.workbench",1374570706034
started,bundle,org.eclipse.jpt.common.core,1.0.2.v201111103010,"org.eclipse.jpt.common.core",1374570706068
started,bundle,org.eclipse.jpt.jpa.core,3.0.2.v201201243020,"org.eclipse.jpt.jpa.core",1374570706111
started,bundle,org.eclipse.jst.common.project.facet.core,1.4.200.v201103170302,"org.eclipse.jst.common.project.facet.core",1374570706112
started,bundle,org.eclipse.jst.j2ee,1.1.503.v201202090300,"org.eclipse.jst.j2ee",1374570706144
started,bundle,org.eclipse.jst.j2ee.core,1.2.102.v201202090300,"org.eclipse.jst.j2ee.core",1374570706152
started,bundle,org.eclipse.jst.ws.jaxrs.core,1.0.301.v201108240656,"org.eclipse.jst.ws.jaxrs.core",1374570706180
started,bundle,org.eclipse.jst.ws.jaxws.utils,1.0.100.v201201031437,"org.eclipse.jst.ws.jaxws.utils",1374570706192
started,bundle,org.eclipse.libra.facet,0.1.2.201202130952,"org.eclipse.libra.facet",1374570706193
started,bundle,org.eclipse.libra.facet.ui,0.1.1.201202130952,"org.eclipse.libra.facet.ui",1374570706215
started,bundle,org.eclipse.pde.core,3.7.1.v20110822-2108,"org.eclipse.pde.core",1374570706226
started,bundle,org.eclipse.pde.launching,3.6.0.v20110506,"org.eclipse.pde.launching",1374570706256
started,bundle,org.eclipse.pde.ui,3.6.100.v20110603,"org.eclipse.pde.ui",1374570706279
started,bundle,org.eclipse.wst.common.frameworks,1.2.102.v201201190400,"org.eclipse.wst.common.frameworks",1374570706293
started,bundle,org.eclipse.wst.common.modulecore,1.2.103.v201201190400,"org.eclipse.wst.common.modulecore",1374570706302
started,bundle,org.eclipse.wst.common.project.facet.core,1.4.201.v201201101553,"org.eclipse.wst.common.project.facet.core",1374570706303
started,bundle,org.eclipse.wst.sse.core,1.1.602.v201112071516,"org.eclipse.wst.sse.core",1374570706343
started,bundle,org.eclipse.wst.sse.ui,1.3.2.v201201041522,"org.eclipse.wst.sse.ui",1374570706362
started,bundle,org.eclipse.wst.validation,1.2.303.v201202090300,"org.eclipse.wst.validation",1374570706362
started,bundle,org.eclipse.wst.web,1.1.501.v201201190400,"org.eclipse.wst.web",1374570706412
started,bundle,org.eclipse.wst.xml.core,1.1.602.v201201091944,"org.eclipse.wst.xml.core",1374570706438
started,bundle,org.eclipse.wst.xml.ui,1.1.202.v201112071516,"org.eclipse.wst.xml.ui",1374570706439
started,bundle,org.eclipse.wst.xsl.core,1.1.100.v201102270516,"org.eclipse.wst.xsl.core",1374570706586
started,bundle,org.eclipse.wst.xsl.exslt.core,1.0.0.v201005240426,"org.eclipse.wst.xsl.exslt.core",1374570706602
started,bundle,org.eclipse.wst.xsl.ui,1.1.200.v201103082057,"org.eclipse.wst.xsl.ui",1374570706603
started,bundle,org.eclipse.cdt.codan.ui.cxx,2.0.0.201202111925,"org.eclipse.cdt.codan.ui.cxx",1374570706677
started,bundle,org.eclipse.cdt.dsf,2.2.0.201202111925,"org.eclipse.cdt.dsf",1374570706694
started,bundle,org.eclipse.cdt.dsf.gdb,4.0.2.201202111925,"org.eclipse.cdt.dsf.gdb",1374570706729
started,bundle,org.eclipse.cdt.dsf.gdb.ui,2.2.1.201202111925,"org.eclipse.cdt.dsf.gdb.ui",1374570706766
started,bundle,org.eclipse.wb.discovery.core,1.5.2.r37x201302111927,"org.eclipse.wb.discovery.core",1374570706770
started,bundle,org.eclipse.wb.discovery.ui,1.5.2.r37x201302111927,"org.eclipse.wb.discovery.ui",1374570706771
os,sysinfo,,,"win32",1374570706777
arch,sysinfo,,,"x86",1374570706777
ws,sysinfo,,,"win32",1374570706777
locale,sysinfo,,,"en_US",1374570706777
processors,sysinfo,,,"2",1374570706777
java.runtime.name,sysinfo,,,"Java(TM) SE Runtime Environment",1374570706777
java.runtime.version,sysinfo,,,"1.7.0_09-b05",1374570706777
java.specification.name,sysinfo,,,"Java Platform API Specification",1374570706777
java.specification.vendor,sysinfo,,,"Oracle Corporation",1374570706777
java.specification.version,sysinfo,,,"1.7",1374570706777
java.vendor,sysinfo,,,"Oracle Corporation",1374570706777
java.version,sysinfo,,,"1.7.0_09",1374570706777
java.vm.info,sysinfo,,,"mixed mode, sharing",1374570706777
java.vm.name,sysinfo,,,"Java HotSpot(TM) Client VM",1374570706777
java.vm.specification.name,sysinfo,,,"Java Virtual Machine Specification",1374570706777
